task_id,sample_group,split,reads_text,closed_outcome,writes_content,physical,live_human,same_rules,errors_lose_money,loss_recoverable,outcome_visible,speed_value,digital_input,licensed_signoff,time_per_item,volume,money_link,buyer,sell_model,labeler_a,labeler_b
150,likely_good,dev,no,no,no,yes,no,no,yes,no,yes,no,no,no,2,0,1,real_estate,other,no|no|no|yes|no|no|yes|no|yes|no|no|no|2|0|1|real_estate|other,no|no|no|yes|no|no|yes|no|yes|no|no|no|2|0|2|real_estate|other
155,likely_good,heldout,no,no,yes,no,no,no,no,no,yes,no,yes,yes,3,0,1,government,other,no|no|yes|no|no|no|no|no|yes|no|yes|yes|3|0|1|government|other,no|no|yes|no|no|no|no|no|yes|no|yes|yes|3|0|1|government|other
220,likely_good,dev,no,no,yes,no,no,no,no,no,no,no,yes,no,3,0,1,government,other,no|no|yes|no|no|no|no|no|no|no|yes|no|3|0|1|government|other,no|no|yes|no|no|no|no|no|no|no|yes|no|3|0|1|government|other
317,random,heldout,no,no,no,no,yes,no,no,no,yes,no,no,no,1,1,1,healthcare_admin,other,no|no|no|no|yes|no|no|no|yes|no|no|no|1|1|1|healthcare_admin|other,no|no|no|no|yes|no|no|no|yes|no|no|no|1|1|1|healthcare_admin|other
411,random,heldout,no,no,no,yes,yes,no,no,no,no,no,no,no,1,0,1,healthcare_admin,not_outsourced,no|no|no|yes|yes|no|no|no|no|no|no|no|1|0|1|healthcare_admin|not_outsourced,no|no|no|yes|yes|no|no|no|no|no|no|no|1|0|1|healthcare_admin|not_outsourced
416,anchor_low,heldout,no,no,no,yes,no,no,no,no,no,no,no,yes,1,1,1,healthcare_admin,not_outsourced,no|no|no|yes|no|no|no|no|yes|no|no|yes|1|1|1|healthcare_admin|not_outsourced,no|no|no|yes|no|no|no|no|no|no|no|yes|1|1|1|healthcare_admin|not_outsourced
636,anchor_low,dev,no,no,no,yes,no,no,no,no,yes,no,no,no,1,1,1,other,per_item,no|no|no|yes|no|no|no|no|yes|no|no|no|1|1|1|other|per_item,no|no|no|yes|yes|no|no|no|yes|no|no|no|1|1|1|other|per_item
637,likely_bad,dev,no,no,no,yes,yes,no,no,no,yes,no,no,no,1,1,1,other,not_outsourced,no|no|no|yes|yes|no|no|no|yes|no|no|no|1|1|1|other|not_outsourced,no|no|no|yes|yes|no|no|no|yes|no|no|no|1|1|1|other|not_outsourced
745,random,dev,no,no,no,yes,yes,no,yes,yes,yes,yes,no,no,0,2,2,healthcare_admin,not_outsourced,no|no|no|yes|yes|no|yes|yes|yes|yes|no|no|0|2|2|healthcare_admin|not_outsourced,no|no|no|yes|yes|no|yes|yes|yes|no|no|no|0|2|2|healthcare_admin|not_outsourced
1160,random,dev,no,no,no,no,yes,no,no,no,no,no,no,no,3,0,1,logistics_supply_chain,not_outsourced,no|no|no|no|yes|no|no|no|no|no|no|no|3|0|1|logistics_supply_chain|not_outsourced,no|no|no|no|yes|no|no|no|no|no|no|no|2|0|1|logistics_supply_chain|not_outsourced
1387,random,dev,no,no,yes,no,no,no,no,no,no,no,yes,no,3,0,1,government,other,no|no|yes|no|no|no|no|no|no|no|yes|no|3|0|1|government|other,no|no|yes|no|no|no|no|no|yes|no|yes|no|3|0|1|government|other
1529,likely_good,dev,no,no,yes,no,no,no,no,no,yes,no,yes,no,3,0,1,government,other,no|no|yes|no|no|no|no|no|yes|no|yes|no|3|0|1|government|other,yes|no|no|no|no|no|no|no|yes|no|yes|no|3|0|1|government|other
1782,likely_good,heldout,no,no,yes,no,no,no,no,no,yes,no,yes,no,1,1,1,media_publishing,other,no|no|yes|no|no|no|no|no|yes|no|yes|no|1|1|1|media_publishing|other,no|no|yes|no|no|no|no|no|yes|no|yes|no|1|1|1|media_publishing|other
1816,random,heldout,no,no,no,yes,no,no,no,no,yes,yes,no,yes,1,2,1,healthcare_admin,per_item,no|no|no|yes|no|no|no|no|yes|yes|yes|yes|1|2|1|healthcare_admin|per_item,no|no|no|yes|no|no|no|no|yes|yes|no|yes|1|2|1|healthcare_admin|per_item
1996,likely_bad,dev,no,no,no,no,yes,no,no,no,no,no,no,no,1,1,1,healthcare_admin,not_outsourced,no|no|no|no|yes|no|no|no|no|no|no|no|1|1|1|healthcare_admin|not_outsourced,no|no|no|no|yes|no|no|no|no|no|no|no|1|1|1|healthcare_admin|not_outsourced
2097,likely_bad,dev,no,no,no,yes,no,no,no,no,no,no,no,no,0,1,0,government,not_outsourced,no|no|no|yes|no|no|no|no|no|no|no|no|0|1|0|government|not_outsourced,no|no|no|yes|yes|no|no|no|no|no|no|no|0|1|0|government|not_outsourced
2170,anchor_low,dev,no,no,no,yes,no,no,no,no,yes,yes,no,no,1,2,1,other,not_outsourced,no|no|no|yes|no|no|no|no|yes|yes|no|no|1|2|1|other|not_outsourced,no|no|no|yes|no|no|no|no|yes|yes|no|no|1|2|1|other|not_outsourced
2177,likely_bad,heldout,no,no,no,yes,no,no,no,no,no,no,no,no,0,3,1,other,not_outsourced,no|no|no|yes|no|no|no|no|no|no|no|no|0|3|1|other|not_outsourced,no|no|no|yes|no|no|no|no|no|no|no|no|1|2|1|other|not_outsourced
2358,likely_bad,dev,no,no,no,yes,yes,no,no,no,no,no,no,no,1,1,0,other,other,no|no|no|yes|yes|no|no|no|no|no|no|no|1|1|0|other|not_outsourced,no|no|no|yes|yes|no|no|no|no|no|no|no|1|1|0|other|other
2363,random,dev,no,no,no,yes,no,no,no,no,no,no,no,no,1,1,0,other,per_item,no|no|no|yes|no|no|no|no|no|no|no|no|1|1|0|other|per_item,no|no|no|yes|no|no|no|no|no|no|no|no|1|1|0|other|per_item
2416,likely_bad,dev,no,no,no,yes,no,no,yes,no,yes,no,no,no,1,1,2,other,not_outsourced,no|no|no|yes|no|no|yes|no|yes|no|no|no|0|2|2|other|not_outsourced,no|no|no|yes|no|no|yes|yes|yes|no|no|no|1|1|2|other|not_outsourced
2509,anchor_high,heldout,yes,yes,no,no,no,yes,yes,yes,yes,yes,yes,no,1,2,2,accounting_finance_ops,per_item,yes|yes|no|no|no|yes|yes|yes|yes|yes|yes|no|1|2|2|accounting_finance_ops|per_item,yes|yes|no|no|no|yes|yes|yes|yes|yes|yes|no|1|2|2|accounting_finance_ops|per_item
2519,random,heldout,yes,yes,no,no,no,yes,yes,yes,yes,no,yes,no,1,2,2,accounting_finance_ops,per_item,yes|yes|no|no|no|yes|yes|yes|yes|no|yes|no|1|2|2|accounting_finance_ops|per_item,yes|yes|no|no|no|yes|yes|yes|yes|no|yes|no|1|2|2|accounting_finance_ops|per_item
2542,anchor_high,dev,yes,yes,no,no,no,yes,yes,yes,yes,yes,yes,no,1,2,2,accounting_finance_ops,per_item,yes|yes|no|no|no|yes|yes|yes|yes|yes|yes|no|1|2|2|accounting_finance_ops|per_item,yes|yes|no|no|no|yes|yes|yes|yes|yes|yes|no|1|2|2|accounting_finance_ops|per_item
2580,random,dev,yes,yes,no,no,no,yes,no,no,yes,yes,yes,no,1,2,1,customer_support,per_item,yes|yes|no|no|no|yes|no|no|yes|yes|yes|no|1|2|1|customer_support|per_item,yes|yes|no|no|no|yes|no|no|yes|yes|yes|no|1|2|1|customer_support|per_item
2686,likely_good,dev,no,no,yes,no,no,no,no,no,no,no,yes,no,2,0,1,logistics_supply_chain,subscription,no|no|yes|no|no|no|no|no|no|no|yes|no|2|0|1|logistics_supply_chain|subscription,no|no|yes|no|no|no|no|no|no|no|yes|no|1|0|1|logistics_supply_chain|subscription
2699,anchor_high,dev,yes,yes,no,no,no,yes,no,no,yes,yes,yes,no,1,2,1,hr_recruiting,per_lead,yes|yes|no|no|no|yes|no|no|yes|yes|yes|no|1|2|1|hr_recruiting|per_lead,yes|yes|no|no|no|yes|no|no|yes|yes|yes|no|1|2|1|hr_recruiting|per_lead
2704,likely_good,dev,yes,yes,no,no,no,yes,no,no,yes,yes,yes,no,1,1,1,hr_recruiting,per_item,yes|yes|no|no|no|yes|no|no|yes|yes|yes|no|1|1|1|hr_recruiting|per_item,yes|yes|no|no|no|yes|no|no|yes|yes|yes|no|1|1|1|hr_recruiting|per_item
2842,likely_bad,heldout,no,no,no,yes,no,no,no,no,no,no,no,no,1,1,1,real_estate,other,no|no|no|yes|no|no|no|no|no|no|no|no|1|1|1|real_estate|per_item,no|no|no|yes|no|no|no|no|no|no|no|no|1|1|1|real_estate|other
2862,likely_bad,dev,no,no,no,yes,no,no,no,no,no,no,no,no,0,2,1,real_estate,not_outsourced,no|no|no|yes|no|no|no|no|no|no|no|no|0|2|0|real_estate|not_outsourced,no|no|no|yes|no|no|no|no|no|no|no|no|0|2|1|real_estate|not_outsourced
2950,random,heldout,no,no,no,yes,no,no,no,no,yes,no,no,no,1,1,1,manufacturing_quality,per_item,no|no|no|yes|no|no|no|no|yes|no|no|no|1|1|1|manufacturing_quality|per_item,no|no|no|yes|no|no|no|no|yes|no|no|no|1|1|1|manufacturing_quality|per_item
3135,random,dev,no,no,no,yes,no,no,no,no,no,no,no,no,1,1,1,manufacturing_quality,not_outsourced,no|no|no|yes|no|no|no|no|no|no|no|no|1|1|1|manufacturing_quality|not_outsourced,no|no|no|yes|no|no|no|no|no|no|no|no|1|1|1|manufacturing_quality|not_outsourced
3347,random,dev,no,no,no,no,no,no,yes,yes,yes,no,yes,no,1,1,2,other,other,no|no|no|no|no|no|yes|yes|yes|yes|yes|no|1|1|2|accounting_finance_ops|other,no|no|no|no|no|no|yes|yes|yes|no|yes|no|1|1|2|other|other
3362,random,dev,yes,no,yes,no,no,no,yes,no,yes,no,yes,no,2,0,3,hr_recruiting,other,yes|no|no|no|no|no|yes|no|yes|no|yes|no|2|0|3|hr_recruiting|other,no|no|yes|no|no|no|yes|no|yes|yes|yes|no|2|0|3|hr_recruiting|other
3370,likely_good,heldout,no,no,no,no,yes,no,no,no,no,no,no,no,2,1,1,hr_recruiting,other,no|no|no|no|yes|no|no|no|no|no|no|no|1|1|1|hr_recruiting|other,no|no|no|no|yes|no|no|no|no|no|no|no|2|0|1|hr_recruiting|other
3513,likely_good,heldout,no,no,no,no,yes,no,no,no,no,no,yes,no,1,0,1,insurance,not_outsourced,no|no|no|no|yes|no|no|no|no|no|yes|no|1|0|1|insurance|not_outsourced,no|no|no|no|yes|no|no|no|no|no|yes|no|1|0|1|insurance|other
3573,likely_good,dev,no,no,no,no,no,no,yes,no,yes,no,yes,no,3,0,3,manufacturing_quality,other,no|no|no|no|no|no|yes|no|yes|no|yes|no|3|0|3|manufacturing_quality|other,no|no|no|no|no|no|yes|no|yes|no|yes|no|3|0|3|manufacturing_quality|other
3581,random,dev,yes,no,no,no,no,no,yes,no,yes,no,yes,no,3,0,3,manufacturing_quality,other,yes|no|no|no|no|no|yes|no|yes|no|yes|no|3|0|3|manufacturing_quality|other,yes|no|no|no|no|no|yes|no|yes|no|yes|no|3|0|3|manufacturing_quality|other
3676,likely_good,dev,no,yes,no,yes,no,yes,no,no,yes,yes,no,no,2,2,1,government,per_item,no|yes|no|yes|no|yes|no|no|yes|yes|no|no|2|2|1|healthcare_admin|per_item,no|yes|no|yes|no|yes|no|no|yes|yes|no|no|2|2|1|government|per_item
3734,random,dev,no,yes,no,no,no,no,no,no,no,no,no,no,2,0,1,media_publishing,other,yes|yes|no|no|no|no|no|no|no|no|no|no|2|0|1|media_publishing|other,no|yes|no|no|no|no|no|no|no|no|no|no|2|0|1|media_publishing|other
4009,likely_good,heldout,no,no,no,yes,no,yes,yes,no,yes,yes,no,no,0,2,1,media_publishing,not_outsourced,no|no|no|yes|no|yes|yes|no|yes|yes|no|no|0|2|1|media_publishing|not_outsourced,no|no|no|yes|no|yes|yes|no|yes|yes|no|no|0|2|1|media_publishing|not_outsourced
4183,likely_bad,dev,no,no,no,yes,no,no,no,no,no,no,no,no,0,2,1,other,not_outsourced,no|no|no|yes|no|no|no|no|no|no|no|no|0|2|1|other|not_outsourced,no|no|no|yes|no|no|no|no|no|no|no|no|0|2|1|other|not_outsourced
4245,likely_bad,heldout,no,no,no,yes,no,no,no,no,no,no,no,no,1,1,1,healthcare_admin,other,no|no|no|yes|no|no|no|no|no|no|no|no|1|1|1|healthcare_admin|not_outsourced,no|no|no|yes|no|no|no|no|no|no|no|no|1|1|1|healthcare_admin|other
4252,likely_bad,dev,no,no,no,yes,no,no,no,no,no,no,no,no,2,1,1,healthcare_admin,other,no|no|no|yes|no|no|no|no|no|no|no|no|2|1|1|healthcare_admin|other,no|no|no|yes|no|no|no|no|no|no|no|no|2|1|1|healthcare_admin|other
4771,anchor_low,dev,no,no,no,yes,no,no,no,no,no,no,no,no,0,2,1,real_estate,other,no|no|no|yes|no|no|no|no|no|no|no|no|0|2|1|real_estate|other,no|no|no|yes|no|no|no|no|no|no|no|no|0|2|1|real_estate|other
4867,likely_bad,heldout,no,no,no,yes,no,no,no,no,no,no,no,yes,2,0,1,real_estate,other,no|no|no|yes|no|no|no|no|no|no|no|yes|2|0|1|real_estate|other,no|no|no|yes|no|no|no|no|no|no|no|yes|2|0|1|real_estate|other
4973,likely_bad,heldout,no,no,no,yes,no,no,no,no,no,no,no,no,1,2,1,manufacturing_quality,not_outsourced,no|no|no|yes|no|no|no|no|no|no|no|no|1|2|1|manufacturing_quality|not_outsourced,no|no|no|yes|no|no|no|no|no|no|no|no|1|2|1|manufacturing_quality|not_outsourced
5012,random,dev,no,no,no,yes,no,no,no,no,no,no,no,no,1,1,1,other,per_item,no|no|no|yes|no|no|no|no|no|no|no|no|1|1|1|manufacturing_quality|per_item,no|no|no|yes|no|no|no|no|no|no|no|no|1|1|1|other|per_item
5078,likely_bad,heldout,no,no,no,yes,no,no,no,no,no,no,no,no,1,2,1,other,not_outsourced,no|no|no|yes|no|no|no|no|no|no|no|no|1|2|1|other|not_outsourced,no|no|no|yes|no|no|no|no|no|no|no|no|1|2|1|other|not_outsourced
5114,likely_bad,dev,no,no,no,yes,no,no,no,no,no,no,no,no,1,1,0,media_publishing,not_outsourced,no|no|no|yes|no|no|no|no|no|no|no|no|1|1|0|media_publishing|not_outsourced,no|no|no|yes|no|no|no|no|no|no|no|no|1|1|0|media_publishing|not_outsourced
5250,likely_good,dev,yes,yes,no,no,yes,yes,no,no,yes,no,yes,no,2,1,1,education,not_outsourced,yes|yes|no|no|yes|yes|no|no|yes|no|yes|no|2|1|1|education|not_outsourced,yes|yes|no|no|yes|yes|no|no|yes|no|yes|no|2|1|1|education|not_outsourced
5296,anchor_high,dev,yes,yes,no,no,no,yes,yes,yes,yes,yes,yes,no,1,2,3,government,not_outsourced,yes|yes|no|no|no|yes|yes|yes|yes|yes|yes|no|1|2|3|government|not_outsourced,yes|yes|no|no|no|yes|yes|yes|yes|yes|yes|no|1|2|3|government|not_outsourced
5434,random,dev,no,no,yes,no,no,no,no,no,no,yes,yes,no,3,0,1,sales_marketing,other,no|no|yes|no|no|no|no|no|no|yes|yes|no|3|0|1|sales_marketing|other,no|no|yes|no|no|no|no|no|no|yes|yes|no|3|0|1|sales_marketing|other
5457,likely_good,dev,no,no,no,no,no,no,no,no,no,no,no,no,3,0,0,education,not_outsourced,no|no|no|no|no|no|no|no|no|no|no|no|3|0|0|education|not_outsourced,no|no|no|no|no|no|no|no|no|no|no|no|3|0|0|education|other
5520,random,dev,yes,no,yes,no,no,no,no,no,no,no,yes,no,3,0,0,government,other,no|no|yes|no|no|no|no|no|no|no|yes|no|3|0|0|government|other,yes|no|yes|no|no|no|no|no|no|no|yes|no|3|0|0|government|other
5647,likely_good,dev,yes,no,no,no,no,no,no,no,yes,yes,yes,no,2,1,1,government,not_outsourced,yes|no|no|no|no|no|no|no|yes|yes|yes|yes|2|1|1|government|not_outsourced,yes|no|no|no|no|no|no|no|yes|yes|yes|no|2|1|1|government|not_outsourced
5655,random,dev,no,yes,no,no,yes,yes,no,no,yes,yes,no,yes,1,1,1,government,not_outsourced,no|yes|no|no|yes|yes|no|no|yes|yes|no|yes|1|1|1|government|not_outsourced,no|yes|no|no|yes|yes|no|no|yes|yes|no|yes|1|1|1|government|other
5690,likely_good,heldout,no,no,no,no,no,no,no,no,no,no,yes,no,1,0,0,education,not_outsourced,no|no|no|no|no|no|no|no|no|no|yes|no|1|0|0|education|not_outsourced,no|no|no|no|no|no|no|no|no|no|yes|no|1|1|0|education|not_outsourced
5958,likely_good,dev,no,no,no,no,yes,no,no,no,no,no,no,no,2,0,0,education,not_outsourced,no|no|no|no|yes|no|no|no|no|no|no|no|2|0|0|education|not_outsourced,no|no|no|no|yes|no|no|no|no|no|no|no|2|0|0|education|not_outsourced
6013,likely_good,dev,no,no,no,no,yes,no,no,no,no,no,no,no,1,1,0,education,not_outsourced,no|no|no|no|yes|no|no|no|no|no|no|no|1|1|0|education|not_outsourced,no|no|no|no|yes|no|no|no|no|no|no|no|1|1|0|education|not_outsourced
6088,likely_good,dev,yes,yes,no,no,no,no,no,no,no,no,yes,no,2,0,1,education,not_outsourced,yes|yes|no|no|no|no|no|no|no|no|yes|no|2|0|1|education|not_outsourced,yes|yes|no|no|no|no|no|no|no|no|yes|no|2|0|1|education|not_outsourced
6305,likely_good,heldout,no,no,no,no,yes,no,no,no,no,no,no,no,1,0,0,education,not_outsourced,no|no|no|no|yes|no|no|no|no|no|no|no|1|0|0|education|not_outsourced,no|no|no|no|yes|no|no|no|no|no|no|no|1|0|0|education|not_outsourced
6419,random,dev,no,no,no,no,no,no,no,no,no,no,yes,no,1,1,1,education,not_outsourced,no|no|no|no|no|no|no|no|no|no|yes|no|2|1|1|education|not_outsourced,no|no|no|no|unsure|no|no|no|no|no|yes|no|1|1|1|education|not_outsourced
6530,random,dev,no,no,no,no,no,no,no,no,no,no,no,no,2,0,0,education,not_outsourced,no|no|no|no|no|no|no|no|no|no|no|no|2|0|0|education|not_outsourced,no|no|no|no|yes|no|no|no|no|no|no|no|2|0|0|education|other
6540,anchor_low,dev,no,no,no,yes,yes,no,no,no,yes,no,no,no,1,1,0,education,not_outsourced,no|no|no|yes|yes|no|no|no|yes|no|no|no|1|1|0|education|not_outsourced,no|no|no|yes|yes|no|no|no|yes|no|no|no|1|1|0|education|not_outsourced
6780,random,dev,no,no,no,yes,no,no,no,no,no,no,no,no,1,1,0,education,not_outsourced,no|no|no|yes|no|no|no|no|no|no|no|no|1|1|0|education|not_outsourced,no|no|no|yes|no|no|no|no|no|no|no|no|1|1|0|education|not_outsourced
6866,likely_good,dev,yes,yes,no,no,no,no,yes,no,no,no,yes,no,1,0,2,education,not_outsourced,yes|yes|no|no|no|no|yes|no|no|no|yes|no|1|0|2|education|not_outsourced,yes|yes|no|no|no|yes|yes|no|yes|no|yes|no|1|0|2|education|not_outsourced
6986,random,dev,no,yes,no,no,yes,yes,no,no,no,yes,no,no,0,1,0,education,per_item,no|yes|no|no|yes|yes|no|no|no|yes|no|no|0|2|0|education|not_outsourced,no|yes|no|no|yes|yes|no|no|no|yes|no|no|0|1|0|education|per_item
7015,random,dev,no,no,no,yes,no,no,no,no,no,yes,no,no,1,2,1,logistics_supply_chain,per_item,no|no|no|yes|no|no|no|no|no|yes|no|no|1|2|1|logistics_supply_chain|per_item,no|no|no|yes|no|no|no|no|no|yes|no|no|1|2|1|logistics_supply_chain|per_item
7023,likely_bad,dev,no,no,no,yes,no,no,no,no,no,no,no,no,1,2,0,logistics_supply_chain,other,no|no|no|yes|no|no|no|no|no|no|no|no|1|2|0|other|not_outsourced,no|no|no|yes|no|no|no|no|no|no|no|no|1|2|0|logistics_supply_chain|other
7127,random,heldout,no,no,no,yes,no,no,no,no,no,yes,no,no,1,1,1,other,per_item,no|no|no|yes|no|no|no|no|no|yes|no|no|1|1|1|other|per_item,no|no|no|yes|no|no|no|no|no|yes|no|no|1|1|1|other|per_item
7180,likely_bad,dev,no,yes,no,yes,no,yes,no,no,no,no,no,no,0,1,1,government,not_outsourced,no|yes|no|yes|no|yes|no|no|no|no|no|no|0|1|1|government|not_outsourced,no|yes|no|yes|no|yes|no|no|no|no|no|no|0|2|1|government|not_outsourced
7232,random,dev,yes,yes,no,no,no,no,yes,no,yes,yes,yes,no,2,0,3,real_estate,other,yes|yes|no|no|no|no|yes|no|yes|no|yes|no|2|0|3|real_estate|other,yes|yes|no|no|no|no|yes|no|yes|yes|yes|no|2|0|3|real_estate|other
7284,likely_good,dev,yes,no,yes,no,no,no,no,no,no,no,yes,no,2,0,1,government,other,yes|no|yes|no|no|no|no|no|no|no|yes|no|2|0|1|government|other,yes|no|yes|no|no|no|no|no|no|no|yes|no|2|0|1|government|other
7494,random,dev,no,yes,no,yes,no,yes,yes,no,yes,no,no,no,2,0,1,manufacturing_quality,other,no|yes|no|yes|no|yes|yes|no|yes|no|no|no|2|0|1|manufacturing_quality|other,no|yes|no|yes|no|yes|yes|no|yes|no|no|no|2|1|1|manufacturing_quality|other
7526,likely_good,heldout,no,no,yes,no,no,no,no,no,no,no,yes,no,3,0,0,education,not_outsourced,no|no|yes|no|no|no|no|no|no|no|yes|no|3|0|0|education|not_outsourced,no|no|yes|no|no|no|no|no|no|no|yes|no|3|0|0|education|not_outsourced
7598,random,heldout,no,no,no,yes,no,yes,no,no,yes,yes,no,no,1,0,1,manufacturing_quality,not_outsourced,no|no|no|yes|no|yes|no|no|yes|yes|no|no|1|0|1|manufacturing_quality|not_outsourced,no|no|no|yes|no|yes|no|no|yes|yes|no|no|1|0|1|manufacturing_quality|not_outsourced
7678,random,dev,yes,yes,no,no,no,yes,no,no,yes,no,yes,no,1,1,1,media_publishing,not_outsourced,yes|yes|no|no|no|yes|no|no|yes|no|yes|no|1|1|1|media_publishing|not_outsourced,yes|yes|no|no|no|yes|no|no|yes|no|yes|no|1|1|1|media_publishing|not_outsourced
7880,anchor_low,dev,no,no,no,yes,no,no,no,no,no,no,no,yes,1,1,1,other,per_item,no|no|no|yes|no|no|no|no|no|no|no|yes|1|1|1|other|per_item,no|no|no|yes|no|no|no|no|no|no|no|yes|1|1|1|other|per_item
8264,likely_bad,heldout,no,no,no,yes,no,no,no,no,no,no,no,no,1,1,1,real_estate,not_outsourced,no|no|no|yes|no|no|no|no|no|no|no|no|1|1|0|real_estate|not_outsourced,no|no|no|yes|no|no|no|no|no|no|no|no|1|1|1|real_estate|not_outsourced
8270,likely_bad,dev,no,no,no,yes,no,no,no,no,no,no,no,no,1,2,1,real_estate,other,no|no|no|yes|no|no|no|no|no|no|no|no|1|2|1|real_estate|other,no|no|no|yes|no|no|no|no|no|no|no|no|1|2|1|real_estate|other
8309,likely_bad,dev,no,no,no,yes,no,no,no,no,no,no,no,no,1,1,1,manufacturing_quality,not_outsourced,no|no|no|yes|no|no|no|no|no|no|no|no|1|1|1|manufacturing_quality|not_outsourced,no|no|no|yes|no|no|no|no|no|no|no|no|1|1|1|manufacturing_quality|not_outsourced
8363,likely_bad,heldout,no,no,no,yes,no,yes,no,no,yes,yes,no,no,1,2,1,manufacturing_quality,per_item,no|no|no|yes|no|yes|no|no|yes|yes|no|no|1|2|1|manufacturing_quality|per_item,no|no|no|yes|no|yes|no|no|yes|yes|no|no|1|2|1|manufacturing_quality|not_outsourced
8378,likely_bad,dev,no,yes,no,yes,no,yes,no,no,yes,no,no,no,1,1,1,manufacturing_quality,per_item,no|yes|no|yes|no|yes|no|no|yes|no|no|no|1|1|1|manufacturing_quality|per_item,no|yes|no|yes|no|yes|no|no|yes|no|no|no|1|1|1|manufacturing_quality|per_item
8617,likely_bad,heldout,no,no,no,yes,no,no,no,no,yes,yes,no,no,1,0,1,logistics_supply_chain,not_outsourced,no|no|no|yes|no|no|no|no|yes|yes|no|no|1|0|1|logistics_supply_chain|not_outsourced,no|no|no|yes|no|no|no|no|yes|yes|no|no|1|0|1|logistics_supply_chain|not_outsourced
8848,likely_good,dev,yes,no,no,no,no,no,no,no,no,no,yes,no,3,0,1,other,other,yes|no|no|no|no|no|no|no|no|no|yes|no|3|0|1|other|other,yes|no|no|no|no|no|no|no|no|no|yes|no|3|0|1|other|other
9010,likely_good,dev,yes,no,no,no,no,no,no,no,yes,no,yes,no,2,0,1,manufacturing_quality,other,yes|no|no|no|no|no|no|no|yes|no|yes|no|2|0|1|manufacturing_quality|other,yes|no|no|no|no|no|no|no|yes|no|yes|no|3|0|1|manufacturing_quality|other
9236,anchor_high,dev,yes,yes,no,no,no,yes,no,no,yes,yes,yes,no,1,2,1,government,per_item,yes|yes|no|no|no|yes|no|no|yes|yes|yes|no|1|2|1|government|per_item,yes|yes|no|no|no|yes|no|no|yes|yes|no|no|1|2|1|government|not_outsourced
9241,likely_good,dev,yes,no,yes,no,no,yes,yes,no,yes,yes,yes,yes,1,1,3,insurance,per_item,yes|no|yes|no|no|yes|yes|no|yes|yes|yes|yes|1|1|3|insurance|per_item,no|no|yes|no|no|yes|yes|no|yes|yes|yes|yes|1|1|3|insurance|per_item
9269,likely_bad,heldout,no,no,no,yes,no,no,no,no,no,no,no,no,2,1,1,sales_marketing,other,no|no|no|yes|no|no|no|no|no|no|no|no|2|1|1|sales_marketing|other,no|no|no|yes|no|no|no|no|no|no|no|no|2|1|1|sales_marketing|other
9502,likely_bad,dev,no,no,no,yes,no,no,no,no,no,no,no,no,2,0,1,other,per_item,no|no|no|yes|no|no|no|no|no|no|no|no|2|0|1|other|per_item,no|no|no|yes|no|no|no|no|no|no|no|no|1|0|1|other|per_item
9522,random,heldout,no,no,no,yes,no,no,no,no,no,no,no,no,0,1,1,other,not_outsourced,no|no|no|yes|no|no|no|no|no|no|no|no|0|1|1|other|not_outsourced,no|no|no|yes|no|no|no|no|no|no|no|no|0|2|1|other|not_outsourced
9540,anchor_low,dev,no,no,no,yes,no,no,no,no,no,no,no,no,1,2,1,real_estate,other,no|no|no|yes|no|no|no|no|no|no|no|no|1|2|1|real_estate|other,no|no|no|yes|no|no|no|no|no|no|no|no|1|2|1|real_estate|other
9547,likely_bad,dev,no,no,no,yes,no,no,no,no,no,no,no,no,1,1,1,real_estate,per_item,no|no|no|yes|no|no|no|no|no|no|no|no|1|1|1|real_estate|per_item,no|no|no|yes|no|no|no|no|no|no|no|no|1|1|1|real_estate|per_item
9551,random,dev,no,no,no,yes,no,no,no,no,no,no,no,no,1,1,1,real_estate,other,no|no|no|yes|no|no|no|no|no|no|no|no|1|1|1|real_estate|other,no|no|no|yes|no|no|no|no|no|no|no|no|1|1|1|real_estate|other
9561,likely_bad,heldout,no,no,no,yes,no,no,no,no,no,yes,no,no,1,2,1,other,other,no|no|no|yes|no|no|no|no|no|yes|no|no|1|2|1|other|other,no|no|no|yes|no|no|no|no|no|no|no|no|1|2|1|other|other
9581,likely_bad,dev,no,no,no,yes,no,no,no,no,no,no,no,no,1,0,1,other,not_outsourced,no|no|no|yes|no|no|no|no|no|no|no|no|1|0|1|other|not_outsourced,no|no|no|yes|no|no|no|no|no|no|no|no|1|0|1|other|not_outsourced
9589,anchor_low,heldout,no,no,no,yes,no,no,no,no,no,no,no,no,1,1,1,real_estate,per_item,no|no|no|yes|no|no|no|no|no|no|no|no|1|1|1|real_estate|per_item,no|no|no|yes|no|no|no|no|no|no|no|no|1|1|1|real_estate|per_item
9597,likely_bad,dev,no,no,no,yes,no,no,no,no,no,no,no,no,1,1,1,real_estate,other,no|no|no|yes|no|no|no|no|no|no|no|no|1|1|1|real_estate|other,no|no|no|yes|no|no|no|no|no|no|no|no|1|1|1|real_estate|other
9616,likely_bad,dev,no,no,no,yes,no,no,no,no,no,no,no,no,1,1,0,media_publishing,not_outsourced,no|no|no|yes|no|no|no|no|no|no|no|no|1|1|0|media_publishing|not_outsourced,no|no|no|yes|no|no|no|no|no|no|no|no|1|1|0|media_publishing|not_outsourced
9736,anchor_high,heldout,yes,yes,no,no,no,yes,yes,yes,yes,yes,yes,no,1,1,2,government,per_item,yes|yes|no|no|no|yes|yes|yes|yes|yes|yes|no|1|1|2|government|per_item,yes|yes|no|no|no|yes|yes|yes|yes|yes|yes|no|1|1|2|government|per_item
9797,likely_good,heldout,no,no,no,no,no,no,no,no,no,no,no,no,0,2,1,government,per_item,no|no|no|no|no|no|no|no|no|no|no|no|0|2|1|government|per_item,no|no|no|no|no|no|no|no|no|no|no|no|0|2|0|government|per_item
9865,likely_bad,heldout,no,yes,no,yes,no,yes,no,no,no,no,no,no,1,0,1,real_estate,not_outsourced,no|yes|no|yes|no|yes|no|no|no|no|no|no|1|0|1|real_estate|not_outsourced,no|yes|no|yes|no|yes|no|no|no|no|no|no|0|0|1|real_estate|not_outsourced
9869,likely_bad,dev,no,no,no,yes,no,no,no,no,no,no,no,no,2,1,1,real_estate,other,no|no|no|yes|no|no|no|no|no|no|no|no|2|1|1|real_estate|other,no|no|no|yes|no|no|no|no|no|no|no|no|2|1|1|real_estate|other
9878,likely_bad,dev,no,no,no,yes,no,no,no,no,no,no,no,no,2,1,1,real_estate,other,no|no|no|yes|no|no|no|no|no|no|no|no|2|1|1|real_estate|other,no|no|no|yes|no|no|no|no|yes|no|no|no|2|1|1|real_estate|other
9946,random,dev,yes,yes,no,no,no,yes,no,no,yes,yes,yes,yes,1,1,1,logistics_supply_chain,other,yes|no|no|no|no|yes|no|no|yes|yes|yes|yes|1|1|1|manufacturing_quality|other,yes|yes|no|no|no|yes|no|no|yes|yes|yes|yes|1|1|1|logistics_supply_chain|other
9984,likely_bad,dev,no,no,no,yes,no,no,no,no,no,yes,no,no,2,1,1,logistics_supply_chain,other,no|no|no|yes|no|no|no|no|yes|yes|no|no|2|1|1|logistics_supply_chain|other,no|no|no|yes|no|no|no|no|no|no|no|no|2|1|1|logistics_supply_chain|other
10029,random,heldout,no,no,no,yes,no,no,yes,no,no,no,no,no,1,2,1,manufacturing_quality,per_item,no|no|no|yes|no|no|yes|no|yes|no|no|no|1|2|1|manufacturing_quality|per_item,no|no|no|yes|no|no|no|no|no|no|no|no|1|2|1|manufacturing_quality|per_item
10175,likely_bad,heldout,no,no,no,yes,no,no,yes,no,yes,no,no,no,0,3,1,manufacturing_quality,per_item,no|no|no|yes|no|no|yes|no|yes|no|no|no|2|1|1|manufacturing_quality|per_item,no|no|no|yes|no|no|yes|no|yes|no|no|no|0|3|1|manufacturing_quality|per_item
10186,likely_bad,dev,yes,no,no,no,no,no,yes,no,yes,yes,no,no,1,1,1,manufacturing_quality,not_outsourced,yes|no|no|no|no|no|yes|no|yes|no|no|no|1|1|1|manufacturing_quality|not_outsourced,yes|no|no|no|no|yes|yes|no|yes|yes|no|no|1|1|2|manufacturing_quality|not_outsourced
10329,random,heldout,no,no,no,yes,no,no,yes,no,yes,no,no,no,0,2,1,manufacturing_quality,not_outsourced,no|no|no|yes|no|no|yes|no|yes|no|no|no|1|2|1|manufacturing_quality|not_outsourced,no|no|no|yes|no|no|yes|no|yes|no|no|no|0|2|1|manufacturing_quality|not_outsourced
10641,anchor_low,dev,no,no,no,yes,no,no,no,no,no,yes,no,no,2,1,1,logistics_supply_chain,per_item,no|no|no|yes|no|no|no|no|yes|yes|no|no|2|1|1|logistics_supply_chain|per_item,no|no|no|yes|no|no|no|no|no|yes|no|no|2|1|1|logistics_supply_chain|per_item
10667,random,dev,no,yes,no,yes,no,yes,no,no,yes,no,no,no,0,2,1,logistics_supply_chain,not_outsourced,no|yes|no|yes|no|yes|no|no|yes|no|no|no|0|2|1|logistics_supply_chain|not_outsourced,no|yes|no|yes|no|yes|no|no|yes|no|no|no|0|2|1|logistics_supply_chain|not_outsourced
11029,random,dev,yes,no,no,no,no,no,no,no,no,no,no,no,2,0,0,media_publishing,other,yes|no|no|no|no|no|no|no|no|no|no|no|2|0|0|media_publishing|not_outsourced,yes|no|no|no|no|no|no|no|no|no|no|no|2|0|0|media_publishing|other
11035,random,dev,no,no,no,yes,yes,no,no,no,no,no,no,no,3,0,1,media_publishing,other,no|no|no|yes|yes|no|no|no|no|no|no|no|3|0|1|media_publishing|other,no|no|no|yes|yes|no|no|no|no|no|no|no|3|0|1|media_publishing|other
11049,random,dev,no,no,no,no,no,no,no,no,yes,no,yes,no,1,0,1,media_publishing,other,no|no|no|no|no|no|no|no|yes|no|yes|no|1|0|1|media_publishing|other,no|no|no|no|no|no|no|no|yes|no|yes|no|1|0|1|media_publishing|per_item
11074,random,heldout,no,no,yes,no,no,no,no,no,no,no,yes,no,2,0,1,manufacturing_quality,other,no|no|yes|no|no|no|no|no|no|no|yes|no|2|0|1|manufacturing_quality|other,no|no|yes|no|no|no|no|no|no|no|yes|no|3|0|1|manufacturing_quality|other
11114,likely_bad,dev,no,yes,no,yes,no,yes,no,no,no,no,no,no,1,2,1,government,not_outsourced,no|yes|no|yes|no|yes|no|no|no|no|no|no|1|2|1|government|not_outsourced,no|yes|no|yes|no|yes|no|no|no|no|no|no|1|2|1|government|not_outsourced
11122,likely_bad,heldout,no,no,no,yes,no,no,no,no,no,no,no,no,0,3,1,government,other,no|no|no|yes|no|no|no|no|no|no|no|no|0|3|1|government|other,no|no|no|yes|no|no|no|no|no|no|no|no|0|3|1|government|other
11150,likely_bad,dev,no,no,no,yes,no,no,no,no,no,no,no,no,0,3,1,other,not_outsourced,no|no|no|yes|no|no|no|no|no|no|no|no|0|3|1|other|not_outsourced,no|no|no|yes|no|no|no|no|no|no|no|no|0|3|1|other|not_outsourced
11162,likely_bad,dev,no,no,no,yes,yes,yes,yes,no,yes,yes,yes,no,0,2,2,other,not_outsourced,no|no|no|yes|yes|no|yes|no|no|yes|no|no|0|2|2|other|not_outsourced,no|no|no|yes|yes|yes|yes|no|yes|yes|yes|no|0|2|2|other|not_outsourced
11167,likely_bad,heldout,no,no,no,yes,no,no,no,no,no,yes,no,no,0,2,1,other,not_outsourced,no|no|no|yes|no|no|no|no|no|no|no|no|0|3|1|other|not_outsourced,no|no|no|yes|no|no|no|no|no|yes|no|no|0|2|1|other|not_outsourced
11190,likely_bad,dev,no,no,no,yes,no,no,no,no,no,no,no,no,1,1,1,other,not_outsourced,no|no|no|yes|no|no|no|no|no|no|no|no|1|1|1|other|not_outsourced,no|no|no|yes|no|no|no|no|no|no|no|no|1|1|1|other|not_outsourced
11291,anchor_high,dev,yes,yes,no,no,no,yes,yes,no,yes,yes,yes,no,1,1,3,banking_fintech,per_item,yes|yes|no|no|no|yes|yes|no|yes|yes|yes|no|1|1|3|banking_fintech|per_item,yes|yes|no|no|no|yes|yes|no|yes|yes|yes|no|1|1|3|banking_fintech|per_item
11311,likely_bad,dev,no,no,no,yes,no,no,yes,yes,no,no,yes,no,0,1,2,manufacturing_quality,not_outsourced,no|no|no|yes|no|no|yes|yes|no|no|yes|no|0|1|2|manufacturing_quality|not_outsourced,no|no|no|yes|no|no|no|no|no|no|yes|no|0|1|1|manufacturing_quality|not_outsourced
11342,random,dev,no,yes,no,yes,no,yes,no,no,yes,yes,no,no,0,3,1,government,not_outsourced,no|yes|no|yes|no|yes|no|no|yes|yes|no|no|0|3|1|government|not_outsourced,no|yes|no|yes|no|yes|no|no|yes|yes|no|no|0|3|1|government|not_outsourced
11433,random,dev,no,no,no,yes,no,no,no,no,no,no,no,no,1,1,1,real_estate,not_outsourced,no|no|no|yes|no|no|no|no|no|no|no|no|1|1|1|real_estate|not_outsourced,no|no|no|yes|no|no|no|no|no|no|no|no|2|1|1|real_estate|not_outsourced
11457,likely_bad,dev,no,no,no,yes,no,no,no,no,no,no,no,no,0,3,1,real_estate,other,no|no|no|yes|no|no|no|no|no|no|no|no|0|3|1|real_estate|other,no|no|no|yes|no|no|no|no|no|no|no|no|0|3|1|real_estate|other
11466,likely_bad,heldout,no,no,no,yes,no,no,no,no,no,no,no,no,2,1,1,real_estate,other,no|no|no|yes|no|no|no|no|no|no|no|no|1|1|1|real_estate|other,no|no|no|yes|no|no|no|no|no|no|no|no|2|1|1|real_estate|other
11520,likely_bad,dev,no,no,no,yes,no,no,no,no,yes,no,no,no,1,1,1,real_estate,not_outsourced,no|no|no|yes|no|no|no|no|yes|no|no|no|1|1|1|real_estate|not_outsourced,no|no|no|yes|no|no|no|no|yes|no|no|no|1|1|1|real_estate|not_outsourced
11534,likely_bad,dev,no,no,no,yes,no,no,no,no,no,no,no,no,2,0,1,real_estate,other,no|no|no|yes|no|no|no|no|no|no|no|no|2|1|1|real_estate|other,no|no|no|yes|no|no|no|no|no|no|no|no|2|0|1|real_estate|other
11826,random,heldout,no,no,no,yes,yes,no,no,no,no,no,no,no,1,0,1,manufacturing_quality,other,no|no|no|yes|yes|no|no|no|no|no|no|no|1|0|1|manufacturing_quality|other,no|no|no|yes|yes|no|no|no|no|no|no|no|1|0|1|manufacturing_quality|not_outsourced
11931,likely_bad,dev,no,no,no,yes,no,no,no,no,yes,no,no,no,3,0,1,other,other,no|no|no|yes|no|no|no|no|yes|no|no|no|3|0|1|other|other,no|no|no|yes|no|no|no|no|yes|no|no|no|3|0|1|other|other
11955,random,dev,no,no,no,yes,no,no,yes,no,yes,yes,yes,no,1,1,1,manufacturing_quality,not_outsourced,no|no|yes|yes|no|no|yes|no|yes|yes|yes|no|1|1|1|manufacturing_quality|not_outsourced,no|no|no|yes|no|no|yes|no|yes|yes|yes|no|1|1|1|manufacturing_quality|not_outsourced
12092,likely_bad,heldout,no,no,no,yes,no,no,no,no,no,no,no,no,1,2,1,manufacturing_quality,not_outsourced,no|no|no|yes|no|no|no|no|no|no|no|no|1|2|1|manufacturing_quality|not_outsourced,no|no|no|yes|no|no|no|no|no|no|no|no|1|2|1|manufacturing_quality|per_item
12256,likely_bad,heldout,no,no,no,yes,no,no,no,no,no,no,no,no,1,1,1,manufacturing_quality,not_outsourced,no|no|no|yes|no|no|no|no|no|no|no|no|1|1|1|manufacturing_quality|not_outsourced,no|no|no|yes|no|no|no|no|no|no|no|no|1|1|1|manufacturing_quality|not_outsourced
12397,random,dev,no,yes,no,yes,no,yes,yes,no,yes,no,no,no,0,2,1,manufacturing_quality,not_outsourced,no|yes|no|yes|no|yes|yes|no|yes|no|no|no|1|2|1|manufacturing_quality|not_outsourced,no|yes|no|yes|no|yes|yes|no|yes|no|no|no|0|2|1|manufacturing_quality|not_outsourced
12599,likely_bad,dev,no,no,no,yes,no,yes,yes,no,yes,yes,no,no,0,2,1,manufacturing_quality,not_outsourced,no|no|no|yes|no|yes|yes|no|yes|yes|no|no|0|2|1|manufacturing_quality|not_outsourced,no|no|no|yes|no|no|yes|no|yes|yes|no|no|0|2|1|manufacturing_quality|not_outsourced
12602,likely_bad,heldout,no,no,no,yes,no,no,no,no,no,no,no,no,0,2,1,manufacturing_quality,not_outsourced,no|no|no|yes|no|no|no|no|no|no|no|no|0|3|1|manufacturing_quality|not_outsourced,no|no|no|yes|no|no|no|no|no|no|no|no|0|2|1|manufacturing_quality|not_outsourced
12615,likely_bad,heldout,no,yes,no,yes,no,yes,yes,no,yes,no,no,no,1,1,1,manufacturing_quality,not_outsourced,no|yes|no|yes|no|yes|no|no|yes|no|no|no|1|1|1|manufacturing_quality|not_outsourced,no|yes|no|yes|no|yes|yes|no|yes|no|no|no|1|1|1|manufacturing_quality|not_outsourced
12931,likely_good,heldout,no,no,no,no,yes,no,no,no,no,no,no,no,1,1,1,other,not_outsourced,no|no|no|no|yes|no|no|no|no|no|no|no|1|1|1|other|not_outsourced,no|no|no|no|yes|no|no|no|no|no|no|no|1|1|1|other|not_outsourced
13104,random,dev,no,no,no,yes,yes,no,no,no,yes,no,no,no,3,0,1,other,other,no|no|no|yes|yes|no|no|no|yes|no|no|no|2|0|1|other|other,no|no|no|yes|yes|no|no|no|yes|no|no|no|3|0|1|other|other
13162,likely_bad,dev,no,no,no,no,no,no,yes,yes,yes,no,no,no,1,1,2,other,subscription,no|no|no|no|no|no|yes|yes|yes|no|no|no|1|1|2|other|not_outsourced,no|no|no|no|no|no|yes|yes|yes|no|no|no|1|1|2|other|subscription
13266,likely_bad,dev,no,yes,no,yes,no,yes,yes,no,yes,no,no,no,0,3,2,logistics_supply_chain,per_item,no|yes|no|yes|no|yes|yes|no|yes|no|no|no|0|3|2|logistics_supply_chain|per_item,no|yes|no|yes|no|yes|yes|no|yes|no|no|no|0|3|1|logistics_supply_chain|per_item
13505,anchor_low,dev,no,no,no,yes,no,no,no,no,no,no,no,no,1,2,1,real_estate,other,no|no|no|yes|no|no|no|no|yes|no|no|no|1|2|1|real_estate|per_item,no|no|no|yes|no|no|no|no|no|no|no|no|1|2|1|real_estate|other
13532,likely_bad,dev,no,no,no,yes,no,no,no,no,no,no,no,no,1,1,1,real_estate,not_outsourced,no|no|no|yes|no|no|no|no|no|no|no|no|1|1|0|real_estate|not_outsourced,no|no|no|yes|no|no|no|no|no|no|no|no|1|1|1|real_estate|not_outsourced
13533,likely_bad,dev,no,no,no,yes,no,no,no,no,no,no,no,no,1,2,1,real_estate,other,no|no|no|yes|no|no|no|no|no|no|no|no|1|2|1|real_estate|other,no|no|no|yes|no|no|no|no|no|no|no|no|2|1|1|real_estate|other
13579,anchor_low,dev,no,no,no,yes,no,no,no,no,no,no,no,no,3,0,1,real_estate,other,no|no|no|yes|no|no|no|no|no|no|no|no|3|0|1|real_estate|other,no|no|no|yes|no|no|no|no|yes|no|no|no|3|0|1|real_estate|other
13631,random,heldout,no,no,no,yes,no,no,no,no,no,no,no,no,1,2,1,real_estate,other,no|no|no|yes|no|no|no|no|no|no|no|no|1|2|1|real_estate|other,no|no|no|yes|no|no|no|no|no|no|no|no|1|2|1|real_estate|other
13665,likely_bad,heldout,no,no,no,yes,no,no,no,no,no,no,no,no,1,1,1,logistics_supply_chain,other,no|no|no|yes|no|no|no|no|yes|no|no|no|1|1|1|logistics_supply_chain|other,no|no|no|yes|no|no|no|no|no|no|no|no|1|1|1|logistics_supply_chain|other
13811,random,heldout,no,no,no,yes,no,no,no,no,yes,no,no,no,1,1,1,manufacturing_quality,per_item,no|no|no|yes|no|no|no|no|yes|no|no|no|1|1|1|manufacturing_quality|per_item,no|no|no|yes|no|no|no|no|yes|no|no|no|1|1|1|manufacturing_quality|per_item
13966,likely_bad,dev,no,no,no,yes,no,no,no,no,no,no,no,no,1,2,1,manufacturing_quality,per_item,no|no|no|yes|no|no|no|no|yes|no|no|no|1|2|1|manufacturing_quality|per_item,no|no|no|yes|no|no|no|no|no|no|no|no|1|2|1|manufacturing_quality|not_outsourced
13974,likely_bad,heldout,no,no,no,yes,no,no,yes,no,yes,no,no,no,1,1,1,manufacturing_quality,not_outsourced,no|no|no|yes|no|no|yes|no|yes|no|no|no|1|2|1|manufacturing_quality|not_outsourced,no|no|no|yes|no|no|yes|no|yes|no|no|no|1|1|1|manufacturing_quality|not_outsourced
14066,random,dev,no,no,no,yes,no,no,no,no,no,no,no,no,1,1,1,manufacturing_quality,not_outsourced,no|no|no|yes|no|no|no|no|no|no|no|no|1|1|1|manufacturing_quality|not_outsourced,no|no|no|yes|no|no|no|no|no|no|no|no|1|1|1|manufacturing_quality|not_outsourced
14413,likely_bad,heldout,no,yes,no,yes,no,yes,yes,no,yes,no,no,no,1,2,1,manufacturing_quality,not_outsourced,no|yes|no|yes|no|yes|yes|no|yes|no|no|no|1|2|1|manufacturing_quality|not_outsourced,no|yes|no|yes|no|yes|yes|no|yes|no|no|no|1|2|1|manufacturing_quality|not_outsourced
14572,likely_bad,dev,no,yes,no,yes,no,yes,no,no,yes,yes,no,no,1,1,1,government,per_item,no|yes|no|yes|no|yes|no|no|yes|yes|no|no|1|1|1|government|per_item,no|yes|no|yes|no|yes|no|no|yes|no|no|no|1|1|1|government|per_item
14760,random,dev,no,no,yes,no,no,no,no,no,yes,no,yes,no,3,0,1,sales_marketing,other,no|no|yes|no|no|no|no|no|yes|no|yes|no|3|0|1|sales_marketing|other,no|no|yes|no|no|no|no|no|yes|no|yes|no|3|0|1|sales_marketing|other
14765,likely_good,heldout,no,yes,no,no,no,no,no,no,yes,no,yes,no,2,0,1,software_it,other,no|yes|no|no|no|no|no|no|yes|no|yes|no|2|0|1|software_it|other,no|yes|no|no|no|no|no|no|yes|no|yes|no|2|0|1|software_it|other
14902,likely_bad,dev,no,yes,no,yes,no,yes,no,no,yes,no,no,no,1,1,1,real_estate,not_outsourced,no|yes|no|yes|no|yes|no|no|yes|no|no|no|1|1|1|real_estate|not_outsourced,no|yes|no|yes|no|yes|no|no|yes|no|no|no|1|1|1|real_estate|not_outsourced
14911,likely_bad,dev,no,no,no,yes,no,no,no,no,no,no,no,no,2,1,1,real_estate,other,no|no|no|yes|no|no|no|no|no|no|no|no|2|1|1|real_estate|other,no|no|no|yes|no|no|no|no|no|no|no|no|2|1|1|real_estate|other
14923,likely_bad,dev,no,no,no,yes,no,no,no,no,no,no,no,no,1,2,1,sales_marketing,per_item,no|no|no|yes|no|no|no|no|no|no|no|no|1|2|1|sales_marketing|per_item,no|no|no|yes|no|no|no|no|no|no|no|no|1|2|1|sales_marketing|per_item
14935,random,heldout,no,no,no,yes,no,no,no,no,no,no,no,no,0,3,1,real_estate,other,no|no|no|yes|no|no|no|no|no|no|no|no|0|3|1|real_estate|other,no|no|no|yes|no|no|no|no|no|no|no|no|2|1|1|real_estate|other
15094,random,dev,no,no,no,yes,no,yes,yes,no,yes,no,no,no,1,1,3,manufacturing_quality,per_item,yes|no|no|no|no|yes|yes|no|yes|no|no|no|1|1|3|other|per_item,no|no|no|yes|no|yes|yes|no|yes|no|no|no|1|1|3|manufacturing_quality|per_item
15129,random,dev,no,yes,no,yes,no,yes,no,no,yes,no,no,no,0,2,1,manufacturing_quality,not_outsourced,no|no|no|yes|no|no|no|no|yes|no|no|no|0|1|1|manufacturing_quality|not_outsourced,no|yes|no|yes|no|yes|no|no|yes|yes|no|no|0|2|1|manufacturing_quality|not_outsourced
15202,likely_bad,dev,no,no,no,yes,no,no,no,no,no,no,no,no,1,1,1,other,other,no|no|no|yes|no|no|no|no|no|no|no|no|1|1|1|other|other,no|no|no|yes|no|no|no|no|no|no|no|no|1|1|1|other|other
15206,likely_good,dev,no,no,no,no,no,no,no,no,yes,yes,yes,no,1,1,1,software_it,subscription,no|no|no|no|no|no|no|no|yes|yes|yes|no|1|1|1|software_it|subscription,no|no|no|no|no|no|no|no|yes|yes|yes|no|1|1|1|software_it|subscription
15279,random,heldout,no,no,no,no,yes,no,no,no,no,no,no,no,2,0,1,government,not_outsourced,no|no|no|no|yes|no|no|no|no|no|no|no|2|1|1|government|not_outsourced,no|no|no|no|yes|no|no|no|no|no|no|no|2|0|1|government|not_outsourced
15426,likely_good,heldout,no,no,no,no,yes,no,no,no,no,no,no,no,2,0,1,manufacturing_quality,not_outsourced,no|no|no|no|yes|no|no|no|no|no|no|no|1|0|1|manufacturing_quality|not_outsourced,no|no|no|no|yes|no|no|no|no|no|no|no|2|0|1|manufacturing_quality|not_outsourced
15429,likely_good,heldout,no,no,no,no,yes,no,no,no,no,no,no,no,1,1,1,manufacturing_quality,not_outsourced,no|no|no|no|yes|no|no|no|no|no|no|no|1|1|1|manufacturing_quality|not_outsourced,no|no|no|no|yes|no|no|no|no|no|no|no|1|1|1|manufacturing_quality|not_outsourced
15598,random,heldout,no,no,no,no,no,no,yes,no,yes,yes,yes,no,1,0,1,healthcare_admin,not_outsourced,no|no|no|no|no|no|yes|no|no|no|yes|no|1|0|1|healthcare_admin|not_outsourced,no|no|no|no|no|no|no|no|yes|yes|yes|no|1|0|1|healthcare_admin|not_outsourced
15643,anchor_high,heldout,yes,yes,no,no,no,yes,yes,no,yes,yes,yes,yes,1,2,2,banking_fintech,per_item,yes|yes|no|no|no|yes|yes|no|yes|yes|yes|yes|1|2|2|banking_fintech|per_item,yes|yes|no|no|no|yes|yes|no|yes|yes|yes|yes|1|2|2|banking_fintech|subscription
15840,likely_good,heldout,yes,no,no,no,no,no,no,no,yes,no,yes,no,2,0,1,real_estate,other,yes|no|no|no|no|no|no|no|yes|no|yes|no|2|0|1|real_estate|other,yes|yes|no|no|no|no|no|no|yes|yes|yes|no|2|0|1|real_estate|other
15872,random,dev,no,no,yes,no,no,no,yes,no,yes,yes,yes,no,2,0,2,logistics_supply_chain,other,no|no|yes|no|no|no|yes|no|yes|yes|yes|no|2|0|2|logistics_supply_chain|other,no|no|yes|no|no|no|yes|no|yes|yes|yes|no|2|0|3|logistics_supply_chain|other
15937,random,dev,yes,no,no,no,no,yes,yes,no,yes,yes,yes,no,0,2,1,logistics_supply_chain,subscription,yes|no|no|no|no|yes|yes|no|yes|yes|yes|no|0|2|1|logistics_supply_chain|subscription,yes|no|no|no|no|yes|yes|no|yes|yes|yes|no|0|2|2|logistics_supply_chain|subscription
15950,likely_good,dev,yes,yes,no,no,no,no,no,no,yes,yes,yes,no,1,1,1,government,other,yes|yes|no|no|no|no|no|no|yes|yes|yes|no|1|1|1|government|other,yes|yes|no|no|no|no|no|no|yes|yes|yes|no|1|1|1|government|other
15961,likely_good,heldout,no,no,yes,no,no,no,no,no,no,no,yes,no,3,0,1,banking_fintech,other,no|no|yes|no|no|no|no|no|no|no|yes|no|3|0|1|banking_fintech|other,yes|no|no|no|no|no|no|no|no|no|yes|no|3|0|1|banking_fintech|other
16045,anchor_high,heldout,yes,yes,no,no,no,yes,yes,yes,yes,yes,yes,no,1,2,3,insurance,per_item,yes|yes|no|no|no|yes|yes|yes|yes|yes|yes|no|1|2|3|insurance|per_item,yes|yes|no|no|no|yes|yes|yes|yes|yes|yes|no|1|1|3|insurance|contingency
16198,likely_good,dev,no,no,no,no,yes,no,no,no,no,no,yes,no,1,1,1,media_publishing,not_outsourced,no|no|no|no|yes|no|no|no|no|no|yes|no|1|1|1|media_publishing|other,no|no|no|no|yes|no|no|no|no|no|yes|no|1|1|1|media_publishing|not_outsourced
16201,random,dev,no,no,yes,no,no,no,no,no,yes,no,yes,no,2,1,1,media_publishing,not_outsourced,no|no|no|no|yes|no|no|no|yes|no|no|no|1|1|1|media_publishing|not_outsourced,no|no|yes|no|no|no|no|no|yes|no|yes|no|2|1|1|media_publishing|not_outsourced
16231,likely_good,dev,no,no,yes,no,yes,no,no,no,yes,no,no,no,3,0,1,software_it,other,no|no|yes|no|yes|no|no|no|yes|no|no|no|3|0|1|software_it|other,no|no|yes|no|yes|no|no|no|yes|no|no|no|3|0|1|software_it|other
16517,random,heldout,yes,no,no,no,no,no,no,no,yes,no,yes,no,2,1,1,manufacturing_quality,other,yes|no|no|no|no|no|no|no|yes|no|yes|no|2|1|1|manufacturing_quality|other,yes|no|no|no|no|no|no|no|yes|no|yes|no|2|1|1|manufacturing_quality|other
16559,likely_good,heldout,no,no,yes,no,no,no,yes,no,yes,no,yes,no,3,0,2,manufacturing_quality,other,no|no|yes|no|no|no|no|no|yes|no|yes|no|3|0|1|manufacturing_quality|other,no|no|yes|no|no|no|yes|no|yes|no|yes|no|3|0|3|manufacturing_quality|other
16794,likely_good,dev,no,no,no,no,yes,no,no,no,no,no,no,no,2,0,1,other,other,no|no|no|no|yes|no|no|no|no|no|no|no|2|0|1|other|other,no|no|no|no|yes|no|no|no|yes|no|no|no|2|0|1|other|other
16800,likely_good,dev,no,no,no,no,yes,no,no,no,no,no,no,no,2,0,1,other,not_outsourced,no|no|no|no|yes|no|no|no|no|no|no|no|2|0|1|other|not_outsourced,no|no|no|no|yes|no|no|no|no|no|no|no|2|0|1|other|not_outsourced
16915,likely_good,heldout,no,no,yes,no,no,no,no,no,no,no,yes,no,3,0,1,government,other,no|no|yes|no|no|no|no|no|no|no|yes|no|3|0|1|government|other,no|no|yes|no|no|no|no|no|no|no|yes|no|3|0|1|government|other
16956,likely_good,dev,no,yes,no,yes,no,yes,yes,no,yes,no,no,no,0,2,1,manufacturing_quality,per_item,no|yes|no|yes|no|yes|no|no|yes|no|no|no|0|2|1|manufacturing_quality|per_item,no|yes|no|yes|no|yes|yes|no|yes|yes|no|no|1|2|1|manufacturing_quality|per_item
17332,likely_good,dev,no,no,no,no,yes,no,no,no,yes,no,no,yes,1,1,1,healthcare_admin,not_outsourced,no|no|no|no|yes|no|no|no|yes|no|no|yes|1|1|1|healthcare_admin|not_outsourced,no|no|no|no|yes|no|no|no|yes|no|no|yes|1|1|1|healthcare_admin|not_outsourced
17548,likely_good,dev,yes,no,no,unsure,no,no,no,no,yes,yes,no,no,2,1,0,government,other,yes|no|no|unsure|no|no|no|no|yes|yes|unsure|no|2|1|0|government|other,yes|no|no|unsure|no|no|no|no|yes|yes|yes|no|2|1|1|government|other
17698,random,dev,yes,yes,no,no,no,yes,yes,no,yes,yes,yes,no,1,2,2,logistics_supply_chain,per_item,yes|yes|no|no|no|yes|yes|no|yes|yes|yes|no|1|2|2|logistics_supply_chain|per_item,yes|yes|no|no|no|yes|yes|no|yes|yes|yes|no|1|2|2|logistics_supply_chain|per_item
17830,random,heldout,no,no,no,yes,no,yes,yes,no,yes,yes,no,no,0,2,1,manufacturing_quality,not_outsourced,no|no|no|yes|no|yes|yes|no|yes|yes|no|no|0|2|1|manufacturing_quality|not_outsourced,no|no|no|yes|no|no|yes|no|yes|yes|no|no|0|2|1|manufacturing_quality|not_outsourced
17940,likely_bad,dev,no,no,no,yes,no,no,no,no,no,no,no,no,2,0,1,real_estate,other,no|no|no|yes|no|no|no|no|no|no|no|no|2|1|1|real_estate|other,no|no|no|yes|no|no|no|no|no|no|no|no|2|0|1|real_estate|other
18031,likely_good,dev,no,no,no,no,no,no,yes,no,yes,yes,yes,no,3,0,3,manufacturing_quality,other,no|no|no|no|no|no|yes|no|yes|yes|yes|no|3|0|3|manufacturing_quality|other,no|no|no|no|no|no|yes|no|yes|yes|yes|no|3|0|3|manufacturing_quality|other
18051,anchor_high,heldout,yes,yes,no,no,no,yes,yes,no,yes,yes,yes,no,2,1,2,manufacturing_quality,per_item,yes|yes|no|no|no|yes|yes|no|yes|yes|yes|no|2|1|2|manufacturing_quality|other,yes|yes|no|no|no|yes|yes|no|yes|yes|yes|no|2|1|2|manufacturing_quality|per_item
18090,likely_good,dev,no,no,yes,no,no,no,no,no,no,no,no,no,2,0,1,healthcare_admin,other,no|no|yes|no|no|no|no|no|no|no|no|no|2|0|1|healthcare_admin|other,no|no|yes|no|no|no|no|no|no|no|no|no|2|0|1|healthcare_admin|other
18103,likely_good,dev,no,no,no,no,yes,no,no,no,yes,yes,no,no,1,1,1,healthcare_admin,other,no|no|no|no|yes|no|no|no|no|yes|no|no|1|1|1|healthcare_admin|other,no|no|no|no|yes|no|no|no|yes|yes|no|no|1|1|1|healthcare_admin|other
18172,random,heldout,no,no,no,yes,no,no,no,no,yes,yes,no,no,3,0,1,manufacturing_quality,other,no|no|no|yes|no|no|no|no|yes|yes|no|no|3|0|1|manufacturing_quality|other,no|no|no|yes|no|no|no|no|yes|yes|no|no|3|0|1|manufacturing_quality|other
18274,likely_good,heldout,no,no,no,yes,no,no,no,no,no,no,no,no,3,0,0,government,other,no|no|no|yes|no|no|no|no|no|no|no|no|3|0|0|government|other,no|no|no|yes|no|no|no|no|no|no|no|no|3|0|1|government|other
18357,random,heldout,no,no,no,yes,no,no,no,no,yes,no,no,yes,1,1,1,healthcare_admin,not_outsourced,no|no|no|yes|no|no|no|no|yes|no|no|yes|1|1|1|healthcare_admin|not_outsourced,no|no|no|yes|no|no|no|no|yes|no|no|yes|1|1|1|healthcare_admin|not_outsourced
18409,random,heldout,no,no,no,unsure,no,no,no,no,yes,no,no,yes,1,1,1,healthcare_admin,not_outsourced,no|no|no|no|yes|no|no|no|yes|no|no|yes|1|1|1|healthcare_admin|per_item,no|no|no|unsure|no|no|no|no|yes|no|no|no|1|1|1|healthcare_admin|not_outsourced
18421,random,heldout,no,no,no,no,no,yes,no,no,no,yes,yes,no,1,0,0,healthcare_admin,not_outsourced,no|no|no|no|no|yes|no|no|no|yes|yes|yes|1|0|0|healthcare_admin|not_outsourced,no|no|no|no|no|yes|no|no|no|yes|yes|no|1|0|0|healthcare_admin|not_outsourced
18494,random,dev,no,no,no,no,no,no,no,no,yes,no,yes,no,1,1,1,legal,per_item,no|no|no|no|no|no|no|no|no|no|yes|no|1|1|1|legal|per_item,no|no|no|no|no|no|no|no|yes|no|yes|no|1|1|1|legal|per_item
18655,likely_good,dev,no,no,no,yes,no,no,no,no,no,yes,no,no,1,1,1,media_publishing,other,no|no|no|yes|no|no|no|no|no|no|no|no|2|1|1|media_publishing|other,no|no|no|yes|no|no|no|no|no|yes|no|no|1|1|1|media_publishing|other
18744,likely_bad,heldout,no,no,no,yes,no,no,no,no,no,no,no,no,1,2,0,other,not_outsourced,no|no|no|yes|no|no|no|no|no|no|no|no|1|1|0|other|not_outsourced,no|no|no|yes|no|no|no|no|no|no|no|no|1|2|0|other|not_outsourced
18843,random,dev,no,no,no,no,yes,no,yes,no,yes,no,no,no,2,0,3,other,not_outsourced,no|no|no|no|yes|no|yes|no|yes|no|no|no|2|0|3|other|not_outsourced,no|no|no|no|yes|no|yes|no|yes|no|no|no|2|0|3|other|not_outsourced
18868,anchor_high,dev,yes,yes,no,no,no,yes,no,no,yes,yes,yes,no,1,2,1,hr_recruiting,per_lead,yes|yes|no|no|no|yes|no|no|yes|yes|yes|no|1|2|1|hr_recruiting|per_lead,yes|yes|no|no|no|yes|no|no|yes|yes|yes|no|1|2|1|hr_recruiting|per_lead
18966,likely_good,heldout,no,no,yes,no,no,no,no,no,yes,no,yes,no,3,0,1,software_it,other,no|no|yes|no|no|no|no|no|yes|no|yes|no|3|0|1|software_it|other,no|no|yes|no|no|no|no|no|yes|no|yes|no|2|0|1|software_it|other
19204,random,heldout,no,no,no,yes,no,yes,no,no,yes,no,no,no,1,0,1,healthcare_admin,per_item,no|no|no|yes|no|yes|no|no|yes|no|no|no|1|0|1|healthcare_admin|per_item,no|no|no|yes|no|yes|no|no|yes|no|no|no|1|0|1|healthcare_admin|not_outsourced
19333,likely_bad,dev,no,no,no,yes,no,no,no,no,no,no,no,no,1,2,1,healthcare_admin,not_outsourced,no|no|no|yes|no|no|no|no|no|no|no|no|1|2|1|healthcare_admin|not_outsourced,no|no|no|yes|no|no|no|no|no|no|no|no|1|2|1|healthcare_admin|not_outsourced
19428,random,dev,no,no,no,yes,no,no,yes,no,yes,no,no,no,1,1,1,manufacturing_quality,not_outsourced,no|no|no|yes|no|no|no|no|yes|no|no|no|1|1|1|manufacturing_quality|not_outsourced,no|no|no|yes|no|no|yes|no|yes|no|no|no|1|1|1|manufacturing_quality|not_outsourced
19537,likely_good,dev,yes,yes,no,no,no,yes,yes,no,yes,no,yes,no,2,0,2,manufacturing_quality,other,yes|yes|no|no|no|yes|yes|no|yes|no|yes|no|2|0|2|manufacturing_quality|other,yes|yes|no|no|no|yes|yes|no|yes|no|yes|no|2|0|2|manufacturing_quality|other
19638,likely_good,heldout,no,no,no,no,no,no,no,no,yes,yes,yes,no,3,0,1,manufacturing_quality,other,no|no|no|no|no|no|no|no|yes|yes|yes|no|3|0|1|manufacturing_quality|other,no|no|no|no|no|no|no|no|yes|yes|yes|no|3|0|1|manufacturing_quality|other
19639,likely_good,heldout,no,no,yes,no,no,no,no,no,no,no,yes,no,3,0,1,government,other,no|no|yes|no|no|no|no|no|no|no|yes|no|3|0|1|government|other,no|no|yes|no|no|no|no|no|no|no|yes|no|3|0|1|government|other
19648,likely_good,dev,no,no,yes,no,no,no,yes,no,yes,no,yes,no,2,0,2,real_estate,other,no|no|yes|no|no|no|yes|no|yes|no|yes|no|2|0|2|real_estate|other,no|no|yes|no|no|no|no|no|yes|no|yes|no|2|0|1|real_estate|other
19853,likely_bad,dev,no,no,no,yes,no,no,no,no,no,no,no,no,2,1,1,real_estate,other,no|no|no|yes|no|no|no|no|no|no|no|no|2|1|1|real_estate|other,no|no|no|yes|no|no|no|no|no|no|no|no|2|1|1|real_estate|other
19931,likely_bad,heldout,no,yes,no,yes,no,yes,no,no,no,yes,no,yes,1,2,1,government,per_item,no|yes|no|yes|no|yes|no|no|yes|yes|no|yes|1|2|1|government|per_item,no|yes|no|yes|no|yes|no|no|no|yes|no|yes|1|2|1|government|per_item
20183,likely_good,dev,yes,yes,no,no,no,no,no,no,yes,no,yes,no,1,1,2,banking_fintech,other,yes|yes|no|no|no|no|no|no|yes|yes|yes|no|1|1|2|banking_fintech|other,yes|yes|no|no|no|no|yes|no|yes|no|yes|no|1|1|2|banking_fintech|other
20330,likely_good,heldout,no,no,no,no,no,no,yes,no,yes,yes,yes,no,2,0,2,ecommerce_marketplaces,other,no|no|no|no|no|no|yes|no|yes|yes|yes|no|2|0|2|ecommerce_marketplaces|other,no|no|no|no|no|no|no|no|yes|yes|yes|no|2|0|2|ecommerce_marketplaces|other
20434,likely_good,dev,no,no,no,no,yes,no,no,no,no,no,no,no,1,1,1,other,not_outsourced,no|no|no|no|yes|no|no|no|no|no|no|no|1|1|1|other|not_outsourced,no|no|no|no|yes|no|no|no|no|no|no|no|1|1|1|other|not_outsourced
20480,likely_good,dev,no,no,no,no,yes,no,no,no,no,no,no,yes,2,1,1,real_estate,other,no|no|no|no|yes|no|no|no|no|no|no|yes|2|1|1|real_estate|other,no|no|no|no|yes|no|no|no|no|no|no|yes|2|1|1|real_estate|other
20573,random,dev,no,no,no,yes,no,yes,no,no,no,no,no,no,1,1,1,healthcare_admin,not_outsourced,no|no|no|yes|no|no|no|no|no|no|no|no|1|1|1|healthcare_admin|not_outsourced,no|no|no|yes|no|yes|no|no|no|no|no|no|1|1|0|healthcare_admin|not_outsourced
21087,likely_good,dev,no,no,no,no,no,no,yes,no,yes,yes,yes,no,3,0,2,manufacturing_quality,other,no|no|no|no|no|no|yes|no|yes|yes|yes|no|2|1|2|manufacturing_quality|other,no|no|no|no|no|yes|yes|no|yes|yes|yes|no|3|0|3|manufacturing_quality|other
21146,likely_good,dev,no,yes,no,yes,no,yes,yes,no,yes,yes,no,no,0,2,1,other,subscription,no|yes|no|yes|no|yes|yes|no|yes|yes|no|no|0|3|1|other|subscription,no|yes|no|yes|no|yes|yes|no|yes|yes|no|no|0|2|1|other|subscription
21165,likely_good,dev,no,no,no,no,yes,no,no,no,no,no,yes,no,0,1,1,accounting_finance_ops,subscription,no|no|no|no|yes|no|no|no|no|no|yes|no|0|1|1|accounting_finance_ops|subscription,no|no|no|no|yes|no|no|no|no|yes|yes|no|0|1|1|accounting_finance_ops|subscription
21417,anchor_high,dev,yes,yes,no,no,no,yes,yes,yes,yes,yes,yes,no,1,2,3,insurance,per_item,yes|yes|no|no|no|yes|yes|yes|yes|yes|yes|no|1|2|3|insurance|per_item,yes|yes|no|no|no|yes|yes|yes|yes|yes|yes|no|1|2|3|insurance|per_item
21471,likely_good,heldout,no,no,no,no,yes,no,no,no,no,no,yes,no,1,1,1,software_it,not_outsourced,no|no|no|no|yes|no|no|no|no|no|yes|no|1|1|1|software_it|not_outsourced,no|no|no|no|yes|no|no|no|no|no|yes|no|1|1|1|software_it|not_outsourced
21508,likely_good,dev,yes,no,no,no,no,yes,yes,yes,yes,no,yes,no,2,0,2,accounting_finance_ops,other,yes|no|no|no|no|yes|no|no|yes|no|yes|no|2|0|1|accounting_finance_ops|other,yes|no|no|no|no|yes|yes|yes|yes|no|yes|no|2|0|2|accounting_finance_ops|other
21552,likely_good,dev,yes,no,no,no,no,no,no,no,yes,no,yes,no,2,1,1,real_estate,subscription,yes|no|no|no|no|no|no|no|yes|no|yes|no|1|1|1|real_estate|subscription,yes|no|no|no|no|no|no|no|yes|no|yes|yes|2|1|1|real_estate|subscription
21563,likely_good,dev,yes,no,no,yes,no,no,yes,no,yes,yes,no,yes,1,1,3,real_estate,per_item,yes|no|no|no|no|no|yes|no|yes|yes|yes|yes|1|1|2|real_estate|per_item,yes|no|no|yes|no|no|yes|no|yes|yes|no|yes|1|1|3|real_estate|per_item
21652,likely_good,dev,no,no,yes,no,no,no,no,no,yes,no,yes,no,3,0,1,software_it,other,no|no|yes|no|no|no|no|no|yes|no|yes|no|3|0|1|software_it|other,no|no|yes|no|no|no|no|no|yes|no|yes|no|3|0|1|software_it|other
21677,likely_good,dev,no,no,no,no,yes,no,no,no,no,no,no,no,1,1,1,software_it,not_outsourced,no|no|no|no|yes|no|no|no|no|no|yes|no|1|1|1|software_it|not_outsourced,no|no|no|no|yes|no|no|no|no|no|no|no|1|1|1|software_it|not_outsourced
21704,likely_good,dev,no,no,no,no,no,no,no,no,no,no,yes,no,2,0,0,software_it,not_outsourced,no|no|no|no|no|no|no|no|no|no|yes|no|2|0|1|software_it|not_outsourced,no|no|no|no|no|no|no|no|no|no|yes|no|1|0|0|software_it|subscription
21714,likely_good,dev,no,no,yes,no,no,no,no,no,yes,yes,yes,no,2,1,1,software_it,other,no|no|yes|no|no|no|no|no|yes|yes|yes|no|2|1|1|software_it|other,no|no|yes|no|no|no|no|no|yes|yes|yes|no|2|1|1|software_it|other
21747,random,dev,no,no,no,no,no,no,no,no,yes,no,yes,no,2,0,1,software_it,other,no|no|no|no|no|no|no|no|yes|no|yes|no|2|0|1|software_it|other,no|no|no|no|no|no|no|no|yes|no|yes|no|2|1|1|software_it|other
21752,likely_good,dev,no,no,yes,no,no,no,no,no,no,no,yes,no,3,0,1,software_it,other,no|no|yes|no|no|no|no|no|no|no|yes|no|3|0|1|software_it|other,no|no|yes|no|no|no|no|no|no|no|yes|no|3|0|1|software_it|other
21832,likely_good,dev,yes,no,no,no,no,no,no,no,yes,yes,yes,no,2,0,1,software_it,other,yes|no|no|no|no|no|no|no|yes|yes|yes|no|2|0|1|software_it|other,yes|no|no|no|no|no|no|no|yes|yes|yes|no|2|0|1|software_it|other
21934,likely_good,dev,yes,yes,no,no,no,yes,no,no,yes,no,no,no,1,2,1,real_estate,other,yes|yes|no|no|no|yes|no|no|yes|no|no|no|1|2|1|real_estate|other,yes|yes|no|no|no|yes|no|no|yes|no|no|no|1|1|1|real_estate|other
21944,likely_good,heldout,yes,yes,no,no,no,no,yes,no,yes,no,no,yes,1,1,1,real_estate,other,yes|yes|no|no|no|no|no|no|yes|no|no|yes|2|1|1|real_estate|other,yes|yes|no|no|no|yes|yes|no|yes|no|no|yes|1|1|1|real_estate|other
22227,likely_good,dev,no,no,yes,no,no,no,no,no,no,no,yes,no,2,0,1,government,other,no|no|yes|no|no|no|no|no|no|no|yes|no|2|0|1|government|other,no|no|no|no|no|no|no|no|no|no|yes|no|2|0|1|government|other
22283,random,heldout,no,yes,no,yes,no,yes,no,no,yes,no,no,no,1,1,1,manufacturing_quality,per_item,no|yes|no|yes|no|yes|no|no|yes|no|no|no|1|1|1|manufacturing_quality|per_item,no|yes|no|yes|no|yes|no|no|yes|no|no|no|1|1|1|manufacturing_quality|other
22434,random,dev,no,no,no,yes,no,no,yes,no,yes,no,no,no,0,1,1,education,not_outsourced,no|no|no|yes|no|no|yes|no|yes|no|no|no|0|1|1|education|not_outsourced,no|no|no|yes|no|no|yes|no|no|no|no|no|0|1|1|education|not_outsourced
22445,likely_good,heldout,no,no,yes,no,no,no,no,no,yes,no,yes,no,3,0,1,education,other,no|no|yes|no|no|no|no|no|yes|no|yes|no|3|0|1|education|other,no|no|yes|no|no|no|no|no|yes|no|yes|no|3|0|1|education|other
22583,random,heldout,no,no,no,yes,no,no,no,no,no,no,no,no,1,1,1,media_publishing,other,no|no|no|yes|no|no|no|no|no|no|no|no|1|1|1|media_publishing|other,no|no|no|yes|no|no|no|no|no|no|no|no|1|1|1|media_publishing|other
22628,random,dev,yes,no,no,no,no,no,no,no,yes,yes,yes,no,2,1,1,media_publishing,not_outsourced,yes|no|no|no|no|no|no|no|yes|yes|yes|no|2|1|1|media_publishing|not_outsourced,yes|no|no|no|no|no|no|no|yes|yes|yes|no|2|1|1|media_publishing|not_outsourced
22633,likely_good,dev,no,no,no,no,yes,no,no,no,no,no,no,no,1,1,0,media_publishing,not_outsourced,no|no|no|no|yes|no|no|no|no|no|no|no|1|1|0|media_publishing|not_outsourced,no|no|no|no|yes|no|no|no|no|no|no|no|1|1|1|media_publishing|not_outsourced
22681,random,dev,no,no,no,yes,no,no,no,no,no,no,no,no,0,2,1,media_publishing,other,no|no|no|yes|no|no|no|no|no|no|no|no|0|2|1|media_publishing|other,no|no|no|yes|no|no|no|no|no|no|no|no|0|2|1|media_publishing|other
22754,anchor_low,heldout,no,no,no,yes,no,no,no,no,yes,no,no,yes,2,1,1,healthcare_admin,per_item,no|no|no|yes|no|no|no|no|yes|no|no|yes|2|1|1|healthcare_admin|per_item,no|no|no|yes|no|no|no|no|yes|no|no|yes|2|1|1|healthcare_admin|not_outsourced
22881,anchor_high,dev,yes,yes,no,no,no,yes,yes,yes,yes,yes,yes,no,1,2,2,healthcare_admin,per_item,yes|yes|no|no|no|yes|yes|yes|yes|yes|yes|no|1|2|2|healthcare_admin|per_item,yes|yes|no|no|no|yes|yes|yes|yes|yes|yes|no|1|2|2|healthcare_admin|per_item
22961,anchor_low,heldout,no,no,no,yes,no,no,no,no,yes,yes,no,no,1,0,1,government,not_outsourced,no|no|no|yes|no|no|no|no|yes|yes|no|no|1|0|1|government|not_outsourced,no|no|no|yes|no|no|no|no|yes|yes|no|no|1|0|1|government|not_outsourced
23083,likely_bad,dev,no,no,no,yes,no,no,no,no,no,no,no,no,0,2,1,education,not_outsourced,no|no|no|yes|no|no|no|no|no|no|no|no|0|2|1|education|not_outsourced,no|no|no|yes|no|no|no|no|no|no|no|no|0|2|1|education|not_outsourced
23084,likely_bad,dev,no,no,no,yes,no,no,no,no,no,no,no,no,1,1,0,education,not_outsourced,no|no|no|yes|no|no|no|no|no|no|no|no|1|1|0|education|not_outsourced,no|no|no|yes|no|no|no|no|no|no|no|no|1|1|0|education|not_outsourced
23112,likely_bad,dev,no,no,no,yes,no,no,no,no,no,no,no,no,0,3,1,other,not_outsourced,no|no|no|yes|no|no|no|no|no|no|no|no|0|3|1|other|not_outsourced,no|no|no|yes|no|no|no|no|no|no|no|no|0|3|1|other|not_outsourced
23224,random,dev,no,no,no,no,no,yes,yes,no,yes,yes,yes,no,1,1,2,sales_marketing,subscription,no|no|no|no|no|yes|yes|no|yes|yes|yes|no|1|1|2|sales_marketing|subscription,no|no|no|no|no|yes|yes|no|yes|yes|yes|no|1|1|2|sales_marketing|subscription
23265,likely_good,dev,no,no,no,no,yes,no,no,no,no,no,no,no,1,2,1,accounting_finance_ops,not_outsourced,no|no|no|no|yes|no|no|no|no|no|no|no|1|2|1|accounting_finance_ops|not_outsourced,no|no|no|no|yes|no|no|no|no|no|no|no|1|2|1|accounting_finance_ops|not_outsourced
23267,anchor_high,dev,yes,yes,no,no,no,yes,no,no,yes,yes,yes,no,1,2,1,government,per_item,yes|yes|no|no|no|yes|no|no|yes|yes|yes|no|1|2|1|government|per_item,yes|yes|no|no|no|yes|no|no|yes|yes|no|no|1|2|1|government|not_outsourced
23301,anchor_high,dev,yes,yes,no,no,no,yes,yes,no,yes,yes,yes,no,1,2,2,banking_fintech,per_item,yes|yes|no|no|no|yes|yes|no|yes|yes|yes|no|1|2|2|banking_fintech|per_item,yes|yes|no|no|no|yes|yes|no|yes|yes|yes|no|1|2|2|banking_fintech|per_item
23302,likely_good,heldout,no,no,no,no,no,no,yes,yes,yes,no,no,no,0,2,2,accounting_finance_ops,not_outsourced,no|no|no|no|no|no|yes|yes|yes|no|no|no|0|2|2|accounting_finance_ops|per_item,no|no|no|no|no|no|yes|yes|yes|no|no|no|0|2|2|accounting_finance_ops|not_outsourced
23320,likely_good,dev,no,no,no,no,no,no,no,no,no,yes,yes,no,0,2,1,insurance,per_item,no|no|no|no|no|no|no|no|no|yes|yes|no|0|2|1|insurance|per_item,no|no|no|no|no|no|yes|yes|yes|yes|yes|no|1|2|1|insurance|per_item
23429,likely_bad,dev,no,no,no,no,no,no,yes,no,yes,no,no,no,1,0,2,other,not_outsourced,no|no|no|no|no|no|yes|no|yes|no|no|no|1|0|2|other|not_outsourced,no|no|no|no|no|no|yes|no|yes|no|no|no|1|0|2|other|not_outsourced
23443,likely_bad,heldout,no,no,no,yes,no,no,no,no,yes,no,no,no,2,1,1,real_estate,other,no|no|no|yes|no|no|no|no|yes|no|no|no|2|1|1|real_estate|other,no|no|no|yes|no|no|no|no|yes|no|no|no|2|1|1|real_estate|other
23459,anchor_low,dev,no,no,no,yes,no,no,no,no,no,no,no,no,1,2,1,real_estate,other,no|no|no|yes|no|no|no|no|yes|no|no|no|1|2|1|real_estate|other,no|no|no|yes|no|no|no|no|no|no|no|no|1|2|1|real_estate|other
23582,anchor_low,heldout,no,no,no,yes,no,no,no,no,yes,no,no,no,1,2,1,manufacturing_quality,other,no|no|no|yes|no|no|no|no|yes|no|no|no|1|2|1|manufacturing_quality|other,no|no|no|yes|no|no|no|no|yes|no|no|no|1|2|1|manufacturing_quality|other
23678,random,heldout,no,no,no,yes,no,no,no,no,no,no,no,no,1,2,1,manufacturing_quality,not_outsourced,no|no|no|yes|no|no|no|no|no|no|no|no|1|2|1|manufacturing_quality|not_outsourced,no|no|no|yes|no|no|no|no|no|no|no|no|1|2|1|manufacturing_quality|not_outsourced
23702,random,dev,no,no,no,yes,yes,no,no,no,no,no,no,no,1,0,1,logistics_supply_chain,not_outsourced,no|no|no|yes|yes|no|no|no|no|no|no|no|1|1|1|logistics_supply_chain|not_outsourced,no|no|no|yes|yes|no|no|no|no|no|no|no|1|0|1|logistics_supply_chain|not_outsourced
23729,likely_bad,dev,no,no,no,yes,no,no,no,no,yes,yes,no,no,1,0,1,education,not_outsourced,no|no|no|yes|no|no|no|no|yes|yes|no|no|1|0|1|education|not_outsourced,no|no|no|yes|no|no|no|no|yes|yes|no|no|1|0|1|education|not_outsourced
23749,likely_bad,heldout,no,no,no,yes,no,no,no,no,no,no,no,no,0,2,1,logistics_supply_chain,not_outsourced,no|no|no|yes|no|no|no|no|no|no|no|no|0|2|1|logistics_supply_chain|not_outsourced,no|no|no|yes|no|no|no|no|no|no|no|no|0|2|1|logistics_supply_chain|not_outsourced
23880,likely_bad,dev,no,no,no,yes,no,no,no,no,no,yes,no,no,0,3,1,logistics_supply_chain,not_outsourced,no|no|no|yes|no|no|no|no|no|yes|no|no|0|3|1|logistics_supply_chain|not_outsourced,no|no|no|yes|no|no|no|no|no|no|no|no|0|3|1|logistics_supply_chain|not_outsourced
23885,likely_bad,dev,no,yes,no,yes,no,yes,yes,no,yes,yes,no,no,0,3,1,logistics_supply_chain,other,no|yes|no|yes|no|yes|yes|no|yes|yes|no|no|0|3|1|logistics_supply_chain|other,no|yes|no|yes|no|yes|yes|no|yes|yes|no|no|0|3|1|logistics_supply_chain|not_outsourced
23964,likely_good,heldout,no,no,yes,no,no,no,no,no,yes,no,yes,no,3,0,2,education,other,no|no|yes|no|no|no|no|no|yes|no|yes|no|3|0|2|education|other,no|no|yes|no|no|no|no|no|yes|no|yes|no|3|0|2|other|other
23965,random,dev,no,no,no,yes,no,no,no,no,no,no,no,no,2,0,0,government,not_outsourced,no|no|no|yes|no|no|no|no|no|no|no|no|2|0|0|government|not_outsourced,no|no|no|yes|no|no|no|no|no|no|no|no|2|0|0|government|not_outsourced
24035,random,dev,no,no,no,no,yes,no,no,no,no,no,no,no,2,1,0,healthcare_admin,not_outsourced,no|no|no|no|yes|no|no|no|no|no|no|no|1|1|0|healthcare_admin|not_outsourced,no|no|no|no|yes|no|no|no|no|no|no|no|2|1|1|healthcare_admin|not_outsourced
